Date,Category,Net worth,Assets,Real estate,Consumer durables,Corporate equities and mutual fund shares,DB pension entitlements,DC pension entitlements,Unincorporated businesses,Other assets,Liabilities,Home mortgages,Consumer credit,Other liabilities
1989:Q3,Silent,16375621,17643080,4588074,1060569,1707410,3103469,729029,2202944,4251586,1267460,831943,308962,126555
1989:Q3,BabyBoom,3987458,5819259,2261008,790286,379142,378316,283735,754596,972175,1831800,1355515,445778,30507
1989:Q3,GenX,77444,130958,44121,45325,3891,545,1257,12083,23736,53514,23697,29467,350
1989:Q3,Millennial,0,0,0,0,0,0,0,0,0,0,0,0,0
1989:Q4,Silent,16611911,17901717,4654414,1067708,1755184,3153646,753685,2217980,4299100,1289805,848067,315455,126283
1989:Q4,BabyBoom,4113166,5990437,2292050,807710,393008,410709,300078,765360,1021521,1877271,1386785,459552,30934
1989:Q4,GenX,90862,151330,47852,50165,3912,2712,2472,13486,30731,60468,25730,34278,460
1989:Q4,Millennial,0,0,0,0,0,0,0,0,0,0,0,0,0
1990:Q1,Silent,16658549,17968215,4643331,1091837,1708192,3202156,766569,2227821,4328309,1309665,874638,306334,128693
1990:Q1,BabyBoom,4112047,6024459,2315638,820896,325319,430853,299743,772852,1059158,1912412,1429541,449397,33474
1990:Q1,GenX,96404,164714,53645,54249,0,4932,1029,14732,36127,68309,31221,36588,500
1990:Q1,Millennial,0,0,0,0,0,0,0,0,0,0,0,0,0
1990:Q2,Silent,16842953,18174547,4697947,1094727,1761985,3250560,782924,2240553,4345851,1331594,897612,305501,128481
1990:Q2,BabyBoom,4185802,6134136,2319419,837644,344453,456643,314640,784232,1077105,1948334,1461865,452534,33935
1990:Q2,GenX,100786,178471,53040,60015,0,7405,1101,16393,40517,77684,36440,40677,567
1990:Q2,Millennial,0,0,0,0,0,0,0,0,0,0,0,0,0
1990:Q3,Silent,16815763,18160022,4707719,1110474,1610048,3297637,786207,2256410,4391527,1344259,913559,306662,124038
1990:Q3,BabyBoom,4079002,6063322,2377725,842430,150945,473571,296028,799773,1122850,1984320,1493496,459702,31122
1990:Q3,GenX,115014,201789,61751,63250,0,10032,833,18545,47377,86775,40210,45939,626
1990:Q3,Millennial,0,0,0,0,0,0,0,0,0,0,0,0,0
1990:Q4,Silent,17046355,18400618,4664660,1120136,1728822,3344452,812560,2262931,4467058,1354263,921387,306632,126244
1990:Q4,BabyBoom,4270414,6296505,2395387,851088,243390,494483,316029,808053,1188075,2026091,1526575,465914,33602
1990:Q4,GenX,136137,230585,72224,67818,0,12967,1045,20189,56342,94449,41849,51844,756
1990:Q4,Millennial,0,0,0,0,0,0,0,0,0,0,0,0,0
1991:Q1,Silent,17288800,18639863,4663475,1124261,1900104,3390675,844558,2254946,4461843,1351063,928955,294592,127516
1991:Q1,BabyBoom,4487071,6532197,2398392,868404,387310,515364,340893,803749,1218085,2045125,1556981,452729,35415
1991:Q1,GenX,157757,257248,77299,75119,0,16207,2093,20700,65829,99490,43755,54886,849
1991:Q1,Millennial,0,0,0,0,0,0,0,0,0,0,0,0,0
1991:Q2,Silent,17357855,18721759,4686245,1126086,1908427,3436558,861942,2255044,4447457,1363905,947796,289856,126253
1991:Q2,BabyBoom,4494953,6574155,2428045,876940,364389,540217,348382,807798,1208384,2079201,1592503,451482,35216
1991:Q2,GenX,164887,276108,83027,80673,0,19826,1816,22035,68732,111221,50352,59968,901
1991:Q2,Millennial,0,0,0,0,0,0,0,0,0,0,0,0,0
1991:Q3,Silent,17503256,18880603,4685706,1137254,1999726,3481773,886376,2248295,4441473,1377347,960226,286022,131099
1991:Q3,BabyBoom,4665149,6755597,2481219,881185,429026,564151,368108,805813,1226095,2090448,1599012,451386,40050
1991:Q3,GenX,184191,305528,94966,85036,0,23806,4591,22745,74383,121337,55265,65092,980
1991:Q3,Millennial,0,0,0,0,0,0,0,0,0,0,0,0,0
1991:Q4,Silent,17766941,19166806,4695883,1136829,2215381,3526461,912709,2234920,4444623,1399865,977569,285460,136836
1991:Q4,BabyBoom,4958829,7089707,2526848,889465,625194,589474,394443,797309,1266974,2130878,1627288,457748,45842
1991:Q4,GenX,222076,358563,106902,91153,16789,28199,9206,22644,83669,136487,63023,72374,1090
1991:Q4,Millennial,0,0,0,0,0,0,0,0,0,0,0,0,0
1992:Q1,Silent,17777377,19185336,4724966,1130332,2202960,3571676,924731,2225695,4404976,1407959,999206,273796,134957
1992:Q1,BabyBoom,4973322,7098296,2558420,902524,590358,642753,390113,792981,1221146,2124974,1635279,444468,45227
1992:Q1,GenX,219519,369614,115431,99348,10368,33345,6582,22901,81639,150095,73791,75090,1214
1992:Q1,Millennial,0,0,0,0,0,0,0,0,0,0,0,0,0
1992:Q2,Silent,17827964,19249621,4747959,1128805,2220321,3634443,941624,2220477,4355992,1421657,1014683,268653,138321
1992:Q2,BabyBoom,5037199,7172956,2583888,916284,583635,694454,401088,792998,1200609,2135758,1643718,442857,49183
1992:Q2,GenX,215349,380377,121654,108131,6887,25637,6854,23606,87608,165028,82843,80822,1363
1992:Q2,Millennial,0,0,0,0,0,0,0,0,0,0,0,0,0
1992:Q3,Silent,17980421,19410597,4747643,1140445,2291676,3697383,963046,2221577,4348827,1430176,1026292,266005,137879
1992:Q3,BabyBoom,5257205,7432593,2677006,918586,638747,746201,421723,800403,1229928,2175388,1678563,446779,50046
1992:Q3,GenX,231293,412954,139339,112693,12154,16895,10373,25262,96237,181661,91024,89149,1488
1992:Q3,Millennial,0,0,0,0,0,0,0,0,0,0,0,0,0
1992:Q4,Silent,18169301,19599864,4735919,1143952,2475743,3717155,965008,2209573,4352514,1430563,1025336,266783,138444
1992:Q4,BabyBoom,5627833,7848935,2759095,926742,803574,832928,469059,803167,1254370,2221101,1709905,460414,50782
1992:Q4,GenX,273197,478108,157314,122774,33026,22136,14481,23592,104785,204911,105662,97572,1677
1992:Q4,Millennial,0,0,0,0,0,0,0,0,0,0,0,0,0
1993:Q1,Silent,18283823,19699408,4757367,1118941,2552309,3735594,972910,2217393,4344894,1415584,1016788,255728,143068
1993:Q1,BabyBoom,5805883,8033894,2755516,947817,854371,879813,522415,830619,1243343,2228011,1720887,451897,55227
1993:Q1,GenX,294935,513526,156916,139856,37255,27207,22798,25332,104163,218591,117030,99637,1924
1993:Q1,Millennial,0,0,0,0,0,0,0,0,0,0,0,0,0
1993:Q2,Silent,18353042,19763823,4762332,1128273,2597965,3753862,973583,2224081,4323727,1410781,1015010,252861,142910
1993:Q2,BabyBoom,5992384,8266238,2847436,957062,874417,926886,558287,857968,1244182,2273854,1759332,458976,55546
1993:Q2,GenX,309597,552544,170510,151111,36480,32696,25527,27002,109217,242947,134004,106825,2118
1993:Q2,Millennial,0,0,0,0,0,0,0,0,0,0,0,0,0
1993:Q3,Silent,18488264,19897308,4763480,1139689,2692861,3772087,975613,2234758,4318820,1409043,1007467,253262,148314
1993:Q3,BabyBoom,6251444,8587888,2945600,964664,947383,975999,600670,891665,1261907,2336444,1802710,472665,61069
1993:Q3,GenX,340957,608420,186575,161714,44712,38643,29918,29719,117139,267463,148355,116740,2368
1993:Q3,Millennial,0,0,0,0,0,0,0,0,0,0,0,0,0
1993:Q4,Silent,18660459,20072830,4777361,1144791,2786695,3790233,975573,2241949,4356228,1412371,1001539,258872,151960
1993:Q4,BabyBoom,6490224,8885601,3027771,980695,1020536,1019914,628112,921977,1286595,2395376,1833301,496976,65099
1993:Q4,GenX,365340,663104,201811,176762,53457,44938,31182,31835,123120,297765,164836,130321,2608
1993:Q4,Millennial,0,0,0,0,0,0,0,0,0,0,0,0,0
1994:Q1,Silent,18723770,20118450,4810593,1132676,2734730,3808576,972997,2255489,4403389,1394679,989469,251993,153217
1994:Q1,BabyBoom,6565679,8991833,3065421,998726,935710,1065483,646662,961698,1318134,2426154,1863320,496014,66820
1994:Q1,GenX,359934,675929,206426,194757,32062,51697,29351,35753,125884,315996,177165,135869,2962
1994:Q1,Millennial,0,0,0,0,0,0,0,0,0,0,0,0,0
1994:Q2,Silent,18812139,20207739,4834688,1136078,2720935,3827195,976368,2272509,4439965,1395599,985858,254862,154879
1994:Q2,BabyBoom,6675517,9151644,3138681,1013160,882750,1107875,673531,1007001,1328646,2476127,1891929,515181,69017
1994:Q2,GenX,349377,698620,216872,210375,14322,58838,32212,40954,125047,349243,197329,148537,3377
1994:Q2,Millennial,0,0,0,0,0,0,0,0,0,0,0,0,0
1994:Q3,Silent,18906090,20301214,4811430,1149118,2772263,3846341,982892,2282940,4456231,1395124,981330,259082,154712
1994:Q3,BabyBoom,6910894,9440503,3240145,1023857,906913,1153446,714717,1044080,1357345,2529609,1922515,537643,69451
1994:Q3,GenX,376810,761453,242644,223539,11591,66469,39384,44620,133206,384643,217699,163228,3716
1994:Q3,Millennial,0,0,0,0,0,0,0,0,0,0,0,0,0
1994:Q4,Silent,18993379,20399653,4776614,1152355,2774901,3866104,978300,2292149,4559230,1406274,977819,267785,160670
1994:Q4,BabyBoom,7029353,9624702,3313807,1034042,867270,1191291,714734,1079728,1423831,2595349,1948688,570554,76107
1994:Q4,GenX,373975,800971,271481,237739,0,74387,31880,48038,137446,426995,239936,182829,4230
1994:Q4,Millennial,0,0,0,0,0,0,0,0,0,0,0,0,0
1995:Q1,Silent,19130195,20519179,4745532,1156764,2889455,3886840,989504,2296862,4554222,1388984,967084,262478,159422
1995:Q1,BabyBoom,7350281,9968150,3374575,1049131,972316,1243248,768809,1108961,1451110,2617869,1970368,572028,75473
1995:Q1,GenX,436928,886651,294547,254801,9063,82981,44433,49971,150856,449723,254984,190040,4699
1995:Q1,Millennial,0,0,0,0,0,0,0,0,0,0,0,0,0
1995:Q2,Silent,19264623,20649934,4685605,1169190,3006891,3925561,999641,2303893,4559153,1385311,958709,265397,161205
1995:Q2,BabyBoom,7719666,10397276,3483593,1051160,1082953,1307573,831711,1140822,1499464,2677610,2007820,591795,77995
1995:Q2,GenX,492911,976497,338718,263982,26964,68910,58355,52468,167100,483587,272306,205934,5347
1995:Q2,Millennial,0,0,0,0,0,0,0,0,0,0,0,0,0
1995:Q3,Silent,19351209,20744602,4543266,1175247,3151635,3966686,1014245,2318193,4575329,1393392,955634,270048,167710
1995:Q3,BabyBoom,7985123,10725177,3483630,1054808,1224250,1366271,897352,1182202,1516663,2740053,2038970,615642,85441
1995:Q3,GenX,550232,1075917,386241,274968,53492,53391,77178,57445,173202,525685,295733,223909,6043
1995:Q3,Millennial,0,0,0,0,0,0,0,0,0,0,0,0,0
1995:Q4,Silent,19612636,21016718,4558619,1177114,3312724,3998754,1031742,2313068,4624697,1404081,952333,282720,169028
1995:Q4,BabyBoom,8347874,11138992,3532449,1069199,1371444,1411740,951647,1223664,1578849,2791117,2064219,639216,87682
1995:Q4,GenX,599540,1156799,398095,282994,81586,55866,83181,67588,187489,557259,303956,246224,7079
1995:Q4,Millennial,0,0,0,0,0,0,0,0,0,0,0,0,0
1996:Q1,Silent,19795787,21208617,4612042,1180502,3409805,4032583,1048565,2302713,4622407,1412830,955133,281149,176548
1996:Q1,BabyBoom,8627317,11456284,3569328,1088248,1440172,1450371,1004984,1256043,1647137,2828967,2104891,628849,95227
1996:Q1,GenX,648822,1226320,409144,293694,90615,58201,88350,75798,210519,577498,318835,252209,6454
1996:Q1,Millennial,0,0,0,0,0,0,0,0,0,0,0,0,0
1996:Q2,Silent,19995403,21425525,4646214,1185501,3516754,4068028,1061593,2297149,4650286,1430122,961904,288490,179728
1996:Q2,BabyBoom,8875126,11745871,3632277,1096142,1518739,1486792,1043691,1293606,1674624,2870746,2131560,639686,99500
1996:Q2,GenX,654254,1268808,422199,297172,102571,60496,85640,85906,214823,614553,338744,268403,7406
1996:Q2,Millennial,0,0,0,0,0,0,0,0,0,0,0,0,0
1996:Q3,Silent,20104890,21551653,4680421,1192294,3550077,4104928,1077048,2290469,4656417,1446763,969954,295544,181265
1996:Q3,BabyBoom,9061958,11972422,3687235,1109363,1511060,1520121,1088193,1328503,1727948,2910465,2159079,649781,101605
1996:Q3,GenX,654044,1306817,440332,303519,91369,62721,86052,95699,227125,652772,360329,284522,7921
1996:Q3,Millennial,0,0,0,0,0,0,0,0,0,0,0,0,0
1996:Q4,Silent,20351873,21814545,4712974,1187299,3676662,4143178,1113916,2299823,4680694,1462672,974463,304780,183429
1996:Q4,BabyBoom,9366433,12322035,3707758,1126403,1610822,1534388,1174851,1383311,1784501,2955602,2187576,665014,103012
1996:Q4,GenX,745309,1433503,468254,314227,109518,64455,127931,111827,237291,688194,376591,304084,7519
1996:Q4,Millennial,0,0,0,0,0,0,0,0,0,0,0,0,0
1997:Q1,Silent,20385735,21853937,4735571,1190296,3727569,4182407,1122333,2315473,4580288,1468202,978246,300399,189557
1997:Q1,BabyBoom,9553308,12516405,3738948,1143300,1622001,1567638,1201316,1444462,1798741,2963097,2203332,648714,111051
1997:Q1,GenX,772795,1478339,488943,323448,102722,66675,114757,130417,251377,705544,391871,305062,8611
1997:Q1,Millennial,0,0,0,0,0,0,0,0,0,0,0,0,0
1997:Q2,Silent,20855709,22341472,4767889,1193955,4093810,4222384,1153381,2320942,4589111,1485763,984379,305208,196176
1997:Q2,BabyBoom,10229708,13232430,3807411,1148871,1986843,1615834,1350960,1492104,1830407,3002722,2229647,654095,118980
1997:Q2,GenX,950578,1689117,519776,324139,197853,69307,170903,145450,261688,738539,410561,318735,9243
1997:Q2,Millennial,0,0,0,0,0,0,0,0,0,0,0,0,0
1997:Q3,Silent,21182690,22691081,4780518,1202779,4324581,4262988,1178653,2331830,4609732,1508391,997433,310654,200304
1997:Q3,BabyBoom,10730166,13783374,3875320,1159955,2193446,1657549,1472049,1545969,1879086,3053208,2271259,661385,120564
1997:Q3,GenX,1080988,1863405,557402,327260,248851,71778,215178,162782,280154,782417,440588,333766,8063
1997:Q3,Millennial,0,0,0,0,0,0,0,0,0,0,0,0,0
1997:Q4,Silent,21409706,22938233,4833096,1197115,4406621,4304041,1185979,2363687,4647694,1528527,1004304,318471,205752
1997:Q4,BabyBoom,11005512,14088509,3913407,1180908,2245303,1680850,1483862,1623726,1960454,3082997,2279589,674065,129343
1997:Q4,GenX,1111373,1934917,583698,339938,256204,73728,196594,187867,296888,823544,462467,351629,9448
1997:Q4,Millennial,0,0,0,0,0,0,0,0,0,0,0,0,0
1998:Q1,Silent,21957615,23496329,4874039,1202513,4841367,4344803,1214468,2359622,4659517,1538714,1013838,313783,211093
1998:Q1,BabyBoom,11827617,14920517,4003176,1193722,2660339,1756057,1638385,1661147,2007691,3092900,2297910,658850,136140
1998:Q1,GenX,1341159,2192208,622366,343827,369566,77190,264270,200811,314178,851049,489696,351411,9942
1998:Q1,Millennial,0,0,0,0,0,0,0,0,0,0,0,0,0
1998:Q2,Silent,22218301,23778572,4955956,1206908,4928181,4354470,1220614,2373687,4738755,1560270,1022752,321921,215597
1998:Q2,BabyBoom,12215352,15370972,4123623,1210513,2724651,1845342,1680547,1720135,2066161,3155621,2340743,674115,140763
1998:Q2,GenX,1380338,2278190,658443,350287,382065,90437,252954,220673,323332,897852,516208,371708,9936
1998:Q2,Millennial,0,0,0,0,0,0,0,0,0,0,0,0,0
1998:Q3,Silent,21905939,23480533,4940239,1230453,4565615,4363898,1209712,2371721,4798895,1574594,1031721,327577,215296
1998:Q3,BabyBoom,12063679,15269560,4293747,1220120,2319980,1909550,1589518,1763268,2173378,3205881,2379720,684483,141678
1998:Q3,GenX,1213353,2157015,735271,346156,249923,103265,148315,235649,338436,943662,544715,388658,10289
1998:Q3,Millennial,0,0,0,0,0,0,0,0,0,0,0,0,0
1998:Q4,Silent,22470263,24045281,5040439,1214896,5068203,4328908,1230253,2384909,4777673,1575019,1029084,326461,219474
1998:Q4,BabyBoom,13142079,16433281,4363963,1249510,2908791,2065540,1798120,1775645,2271712,3291202,2439308,708812,143082
1998:Q4,GenX,1592832,2590297,788407,369357,434592,106785,282580,233101,375475,997465,580199,405998,11268
1998:Q4,Millennial,0,0,0,0,0,0,0,0,0,0,0,0,0
1999:Q1,Silent,22403928,23966843,5062264,1214417,5043626,4292830,1229167,2368543,4755996,1562915,1022476,317257,223182
1999:Q1,BabyBoom,13429522,16781560,4471545,1267431,2947503,2196990,1857370,1757228,2283493,3352037,2495046,714919,142072
1999:Q1,GenX,1679322,2711773,855528,379422,450501,109541,308592,219605,388584,1032452,610115,410222,12115
1999:Q1,Millennial,0,0,0,0,0,0,0,0,0,0,0,0,0
1999:Q2,Silent,22669528,24237048,5159018,1208460,5304472,4256291,1232949,2408063,4667794,1567520,1017692,313358,236470
1999:Q2,BabyBoom,14079921,17528362,4604439,1296434,3264672,2338857,1958211,1803642,2262107,3448441,2560942,734377,153122
1999:Q2,GenX,1851302,2933404,900027,399950,550089,112594,359245,227411,384088,1082102,645057,423846,13199
1999:Q2,Millennial,0,0,0,0,0,0,0,0,0,0,0,0,0
1999:Q3,Silent,22478241,24046048,5209059,1216392,5059804,4218561,1215749,2481510,4644973,1567807,1018444,311363,238000
1999:Q3,BabyBoom,14210265,17748110,4766736,1321013,3091041,2455293,1915613,1890495,2307919,3537845,2628579,759426,149840
1999:Q3,GenX,1822104,2970666,977375,413297,501741,114789,316953,248724,397786,1148562,694236,441106,13220
1999:Q3,Millennial,0,0,0,0,0,0,0,0,0,0,0,0,0
1999:Q4,Silent,23164731,24751114,5268576,1208658,5752688,4182214,1229484,2499810,4609684,1586383,1017779,309480,259124
1999:Q4,BabyBoom,15562336,19179886,4878875,1349142,3820373,2630905,2119036,1917061,2464494,3617550,2661259,786018,170273
1999:Q4,GenX,2229466,3446981,1048553,433294,726075,118903,423844,249446,446866,1217515,745225,458124,14166
1999:Q4,Millennial,0,0,0,0,0,0,0,0,0,0,0,0,0
2000:Q1,Silent,23356797,24949436,5385706,1214590,5947613,4144958,1230398,2485491,4540680,1592639,1014574,300111,277954
2000:Q1,BabyBoom,16269843,19930655,5089845,1380383,4070814,2774902,2213245,1907125,2494341,3660812,2678067,793490,189255
2000:Q1,GenX,2405343,3674105,1115048,452946,806762,121961,466334,237186,473868,1268762,793572,460164,15026
2000:Q1,Millennial,0,0,0,0,0,0,0,0,0,0,0,0,0
2000:Q2,Silent,23192125,24774859,5506212,1217713,5678591,4107193,1215914,2548288,4500947,1582733,1014374,298688,269671
2000:Q2,BabyBoom,16448585,20182221,5327817,1412626,3877510,2898681,2205289,1986798,2473501,3733636,2735374,823161,175101
2000:Q2,GenX,2388323,3731908,1205550,474369,753309,124300,442592,255957,475831,1343584,848348,479922,15314
2000:Q2,Millennial,0,0,0,0,0,0,0,0,0,0,0,0,0
2000:Q3,Silent,23203048,24789681,5573083,1226480,5594359,4070384,1207915,2622885,4494576,1586633,1014498,299743,272392
2000:Q3,BabyBoom,16915976,20741587,5570080,1435738,3858912,3034003,2250251,2080665,2511939,3825611,2789904,861304,174403
2000:Q3,GenX,2457595,3884848,1298181,485958,752590,127015,450366,279634,491104,1427253,906044,506026,15183
2000:Q3,Millennial,0,0,0,0,0,0,0,0,0,0,0,0,0
2000:Q4,Silent,22870839,24436424,5701787,1220784,5019292,4033456,1183787,2655135,4622183,1565585,1008695,301791,255099
2000:Q4,BabyBoom,16826437,20728445,5767536,1469245,3361953,3144913,2178833,2125902,2680063,3902008,2847949,903344,150715
2000:Q4,GenX,2310850,3812340,1364773,511727,603951,128840,385712,286552,530785,1501490,948583,536132,16775
2000:Q4,Millennial,0,0,0,0,0,0,0,0,0,0,0,0,0
2001:Q1,Silent,22680284,24214367,5942878,1217555,4554903,3998732,1144864,2670129,4685307,1534083,1001930,293567,238586
2001:Q1,BabyBoom,16950523,20892004,6141021,1497055,2966948,3278411,2056810,2150402,2801357,3941481,2898802,914147,128532
2001:Q1,GenX,2226020,3772220,1453836,532138,485622,131471,278276,286305,604572,1546201,988892,542010,15299
2001:Q1,Millennial,0,0,0,0,0,0,0,0,0,0,0,0,0
2001:Q2,Silent,23021093,24553915,6024221,1215374,4804411,3988635,1148477,2716305,4656491,1532822,1002501,289722,240599
2001:Q2,BabyBoom,17649891,21715253,6364822,1517528,3261467,3404803,2144072,2210101,2812460,4065362,3002308,935669,127385
2001:Q2,GenX,2431424,4050500,1536321,545892,581943,143601,320097,298652,623994,1619076,1045209,558858,15009
2001:Q2,Millennial,0,0,0,0,0,0,0,0,0,0,0,0,0
2001:Q3,Silent,22473857,24042041,6064587,1216548,4145421,3979605,1106599,2747255,4782026,1568184,1010086,283825,274273
2001:Q3,BabyBoom,17406165,21569317,6603217,1532659,2671173,3505289,2017306,2250311,2989362,4163152,3047106,953851,162195
2001:Q3,GenX,2182678,3901741,1624252,555391,402811,155082,208930,304503,650771,1719063,1131589,570099,17375
2001:Q3,Millennial,10276,25753,11242,6761,267,0,69,812,6602,15477,8771,6576,130
2001:Q4,Silent,22970998,24495932,6163051,1224678,4518973,4016286,1109497,2681614,4781833,1524934,990128,297916,236890
2001:Q4,BabyBoom,18152558,22438832,6773733,1556812,3113229,3591094,2127920,2263363,3012680,4286274,3180500,975797,129977
2001:Q4,GenX,2451721,4211217,1698939,573493,521936,161064,258597,309763,687424,1759496,1136003,608533,14960
2001:Q4,Millennial,20343,35196,14727,9317,1587,0,482,536,8547,14853,5154,9581,118
2002:Q1,Silent,23050582,24573097,6251188,1224336,4506784,4053236,1112287,2651681,4773586,1522515,992992,299057,230466
2002:Q1,BabyBoom,18587859,22907480,6968234,1573760,3181244,3641832,2201349,2316833,3024229,4319621,3224445,962253,132923
2002:Q1,GenX,2552381,4400240,1789286,588018,523540,165851,293793,330478,709274,1847858,1221982,611072,14804
2002:Q1,Millennial,24960,45619,19114,12180,1852,0,967,772,10734,20659,9391,11135,133
2002:Q2,Silent,22823248,24340272,6320983,1227947,4139393,4091326,1074354,2634039,4852230,1517024,999201,306376,211447
2002:Q2,BabyBoom,18425140,22811286,7133587,1593926,2889165,3680844,2106303,2382931,3024530,4386146,3297125,967175,121846
2002:Q2,GenX,2388556,4347734,1904189,605532,404054,170281,198086,356809,708784,1959178,1315094,630628,13456
2002:Q2,Millennial,25378,52612,23871,15584,117,27,0,1355,11658,27233,13619,13466,148
2002:Q3,Silent,22321579,23838428,6350347,1248197,3534220,4130820,1032423,2625721,4916700,1516849,1003093,313721,200035
2002:Q3,BabyBoom,18043841,22541032,7337828,1610437,2343604,3719093,1999247,2458128,3072695,4497191,3407940,970226,119025
2002:Q3,GenX,2168622,4227097,2033956,613970,190614,174755,93818,387507,732477,2058475,1393660,651305,13510
2002:Q3,Millennial,30562,61542,26878,18179,0,152,0,2350,13983,30980,14467,16357,156
2002:Q4,Silent,22565985,24088901,6395669,1262071,3659990,4173347,1032778,2523602,5041444,1522916,1008680,322527,191709
2002:Q4,BabyBoom,18564292,23176560,7542050,1622810,2543413,3785269,2105997,2425504,3151517,4612268,3513615,978459,120194
2002:Q4,GenX,2274679,4442133,2147483,620444,226200,180406,131494,377114,758991,2167454,1478139,676329,12986
2002:Q4,Millennial,32042,67778,30596,20859,0,120,0,359,15844,35736,15879,19693,164
2003:Q1,Silent,22520664,24048848,6496152,1256896,3495475,4213787,1022391,2523326,5040821,1528184,1010850,323725,193609
2003:Q1,BabyBoom,18769364,23474796,7726098,1634343,2442189,3808453,2143899,2508649,3211165,4705432,3608909,963237,133286
2003:Q1,GenX,2288412,4533416,2231300,633297,152495,184373,127044,412357,792550,2245004,1551058,680205,13741
2003:Q1,Millennial,45174,83715,37722,25047,0,406,0,1742,18798,38541,16425,21956,160
2003:Q2,Silent,23042596,24625872,6572600,1263652,3920760,4256155,1043742,2532512,5036451,1583275,1026110,330450,226715
2003:Q2,BabyBoom,19734296,24622910,7923985,1648574,2971705,3853453,2331737,2601287,3292169,4888614,3733965,965838,188811
2003:Q2,GenX,2600443,4983777,2355374,644790,310171,189241,229034,452120,803047,2383334,1668428,700179,14727
2003:Q2,Millennial,52428,98132,43981,29043,0,569,170,3848,20521,45705,19878,25463,364
2003:Q3,Silent,23261626,24849773,6616764,1283253,4058100,4297647,1039874,2531389,5022746,1588147,1042467,337946,207734
2003:Q3,BabyBoom,20311246,25277288,8152280,1663566,3202918,3886138,2403435,2681900,3287051,4966042,3817133,971743,177166
2003:Q3,GenX,2700546,5236840,2494789,651869,359826,193597,247997,487727,801035,2536294,1800950,721242,14102
2003:Q3,Millennial,49987,109372,48046,32155,0,881,478,5880,21932,59385,30383,28744,258
2003:Q4,Silent,23821366,25421017,6684074,1298088,4397372,4339686,1056065,2515639,5130093,1599651,1047883,345718,206050
2003:Q4,BabyBoom,21227083,26316676,8384514,1680605,3658069,3931404,2582242,2746726,3333115,5089593,3933942,978642,177009
2003:Q4,GenX,3014271,5661649,2620273,662739,497636,198453,345243,517463,819842,2647378,1883852,745362,18164
2003:Q4,Millennial,62947,126265,53843,36169,2042,1118,2653,7514,22926,63318,29936,33210,172
2004:Q1,Silent,24752126,26354445,6858785,1311480,4540064,4386896,1049240,2536899,5671080,1602319,1051643,346572,204104
2004:Q1,BabyBoom,22442848,27610019,8751774,1703763,3910017,4050231,2655143,2851926,3687164,5167170,4014011,965690,187469
2004:Q1,GenX,3246306,5981825,2758434,680818,558908,206421,361403,563765,852076,2735519,1968908,748632,17979
2004:Q1,Millennial,79721,149585,64998,41705,4304,529,3119,11476,23454,69864,34127,35579,158
2004:Q2,Silent,24810123,26434645,6943227,1338953,4478732,4423248,1041857,2625700,5582927,1624522,1068665,350630,205227
2004:Q2,BabyBoom,23049160,28335976,9080527,1723484,3948536,4186256,2708609,3029529,3659036,5286817,4120685,963362,202770
2004:Q2,GenX,3355320,6241949,2951845,687871,534063,199812,368145,639067,861147,2886629,2106695,761608,18326
2004:Q2,Millennial,84466,168854,69999,44806,3492,455,3433,19994,26674,84387,45228,38939,220
2004:Q3,Silent,25146004,26772089,7133117,1337810,4412732,4458225,1028599,2714246,5687360,1626085,1078547,358721,188817
2004:Q3,BabyBoom,23744475,29154523,9432756,1738461,3988255,4328515,2751138,3207671,3707727,5410048,4236189,974229,199630
2004:Q3,GenX,3445063,6463639,3123457,700671,505707,192950,360805,714133,865916,3018576,2214754,787740,16082
2004:Q3,Millennial,102365,196732,83745,50918,2360,306,3287,29583,26533,94367,50003,44185,179
2004:Q4,Silent,25645976,27320949,7276931,1347123,4720146,4413684,1052408,2754077,5756580,1674974,1106114,362251,206609
2004:Q4,BabyBoom,25006705,30538358,9758453,1761740,4325407,4522919,2937957,3279459,3952424,5531654,4317632,995675,218347
2004:Q4,GenX,3813187,6997295,3330286,733217,613283,226115,453265,737303,903826,3184107,2356641,810378,17088
2004:Q4,Millennial,124846,237320,101861,56139,6398,0,5767,33715,33439,112473,60191,51815,467
2005:Q1,Silent,25728348,27408816,7419693,1343808,4742822,4361420,1048230,2802255,5690587,1680467,1122288,354998,203181
2005:Q1,BabyBoom,25499381,31165832,10045088,1781656,4354270,4653687,2966959,3363104,4001068,5666451,4471948,986730,207773
2005:Q1,GenX,4039756,7293677,3548444,766918,588529,256939,426877,764592,941379,3253921,2432296,804895,16730
2005:Q1,Millennial,168652,269433,120812,62757,4306,268,4419,38846,38025,100781,42029,58351,401
2005:Q2,Silent,26069122,27783528,7606426,1330937,4862421,4307912,1054954,2900927,5719950,1714406,1149912,354194,210300
2005:Q2,BabyBoom,26338195,32117053,10310712,1805290,4494727,4798945,3068412,3504575,4134393,5778859,4574297,996644,207918
2005:Q2,GenX,4298080,7711627,3772439,809479,610619,288862,453220,814090,962917,3413546,2579519,815594,18433
2005:Q2,Millennial,201157,316482,144719,72653,4361,584,4780,48256,41129,115325,49031,65957,337
2005:Q3,Silent,26315712,28063990,7752059,1328916,5072360,4251836,1067671,3015085,5576063,1748279,1177114,355667,215498
2005:Q3,BabyBoom,27280404,33178469,10659208,1818270,4743474,4940353,3184264,3666898,4166002,5898065,4676695,1014039,207331
2005:Q3,GenX,4662816,8246038,4036891,833315,681657,321038,497830,871242,1004065,3583223,2730748,833528,18947
2005:Q3,Millennial,231579,364388,163876,77413,7202,1034,5945,59880,49038,132809,57324,75151,334
2005:Q4,Silent,26531000,28300940,7862047,1328941,5134981,4194023,1076145,3064260,5640543,1769940,1200432,356525,212983
2005:Q4,BabyBoom,28137040,34123150,10979987,1834608,4828380,5084829,3294730,3761040,4339576,5986110,4761181,1030076,194853
2005:Q4,GenX,4901135,8644264,4266467,860006,676925,353742,533806,901566,1051753,3743129,2873707,849458,19964
2005:Q4,Millennial,247859,400019,183164,82714,5659,1490,6797,67330,52865,152160,67547,84496,117
2006:Q1,Silent,26955360,28766585,7839813,1311347,5659930,4135469,1082824,3075535,5661667,1811225,1228677,354084,228464
2006:Q1,BabyBoom,29154050,35240233,10955509,1854875,5457975,5240289,3402590,3815164,4513831,6086183,4840917,1036268,208998
2006:Q1,GenX,5250854,9176748,4383194,900647,927122,387288,566427,916071,1095999,3925893,3048570,854759,22564
2006:Q1,Millennial,273737,455251,196118,93942,20530,1765,7537,72057,63302,181515,88774,92474,267
2006:Q2,Silent,26764793,28607984,7856607,1310355,5537015,4074099,1076444,3140262,5613202,1843191,1254363,349755,239073
2006:Q2,BabyBoom,29480552,35685781,11113505,1871174,5336482,5382537,3430520,3931233,4620330,6205228,4950134,1037896,217198
2006:Q2,GenX,5273403,9366622,4577135,927848,826778,420609,535933,954607,1123713,4093219,3208214,859859,25146
2006:Q2,Millennial,275404,477310,207249,99854,12839,2362,5380,82051,67576,201906,99379,102101,426
2006:Q3,Silent,26819506,28687447,7840057,1311917,5679908,4012968,1082374,3193821,5566401,1867941,1271327,349202,247412
2006:Q3,BabyBoom,30200526,36518151,11248746,1887479,5530449,5540496,3537552,4036888,4736540,6317625,5040097,1054347,223181
2006:Q3,GenX,5501246,9751148,4742968,953825,874025,454932,568107,989078,1168212,4249902,3333163,889385,27354
2006:Q3,Millennial,286873,509802,215257,105056,14899,2623,6018,91782,74167,222928,103836,118507,585
2006:Q4,Silent,26954366,28850549,7793056,1299709,6012885,3951832,1094464,3219718,5478885,1896183,1279355,348463,268365
2006:Q4,BabyBoom,31062918,37457302,11270281,1901021,5960171,5708417,3682691,4112407,4822315,6394385,5077456,1068194,248735
2006:Q4,GenX,5851474,10222330,4843019,984156,1037178,489993,632853,1011893,1223238,4370855,3429863,908216,32776
2006:Q4,Millennial,309697,555598,223592,113373,26011,2620,8378,99368,82255,245900,112670,131843,1387
2007:Q1,Silent,27007593,28906322,7683395,1278002,6231738,3888550,1096247,3200861,5527529,1898729,1293176,338764,266789
2007:Q1,BabyBoom,31705626,38097187,11109652,1916762,6258891,5862476,3756823,4136622,5055961,6391561,5095488,1054608,241465
2007:Q1,GenX,6010523,10514430,4866105,1023401,1138412,524774,642980,1014763,1303994,4503907,3567181,904759,31967
2007:Q1,Millennial,306852,591464,226059,126466,33120,2933,8019,102424,92442,284612,141409,142041,1162
2007:Q2,Silent,26893456,28823649,7606515,1264462,6366367,3819526,1106771,3221895,5438113,1930193,1305324,337723,287146
2007:Q2,BabyBoom,32220945,38695670,11011456,1931710,6459229,6002861,3912720,4207304,5170390,6474725,5140956,1066154,267615
2007:Q2,GenX,6205121,10847594,4928619,1058081,1193344,593914,714015,1036213,1323408,4642474,3690747,918202,33525
2007:Q2,Millennial,312004,627026,225989,137369,36859,7323,10909,110090,98488,315022,158168,154887,1967
2007:Q3,Silent,26990281,28917072,7496029,1253333,6394525,3751038,1108872,3218246,5695028,1926791,1314209,338082,274500
2007:Q3,BabyBoom,32846057,39380071,10923646,1942121,6528796,6129627,4001175,4248707,5605999,6534014,5202127,1086050,245837
2007:Q3,GenX,6286633,11073452,4953889,1086661,1184221,661881,734735,1046565,1405499,4786819,3794137,954482,38200
2007:Q3,Millennial,289850,630632,217617,145826,35091,12319,11115,115096,93568,340782,162200,176938,1644
2007:Q4,Silent,26387025,28304345,7347070,1240555,6026669,3740635,1073175,3125770,5750471,1917319,1314504,333947,268868
2007:Q4,BabyBoom,32885471,39490595,10822112,1969844,6297394,6222461,3975841,4217632,5985311,6605124,5236964,1102767,265393
2007:Q4,GenX,6085743,10956408,4858784,1103703,1077929,686160,723048,1026915,1479869,4870665,3845571,982779,42315
2007:Q4,Millennial,311741,684001,242647,160688,27345,17534,11306,113689,110792,372260,180095,189984,2181
2008:Q1,Silent,25433797,27344275,7075002,1239216,5551750,3728079,1025154,2910836,5814238,1910478,1311762,321106,277610
2008:Q1,BabyBoom,32404418,39048489,10561700,1997527,5923335,6299310,3827748,4034547,6404322,6644071,5243262,1091263,309546
2008:Q1,GenX,5631633,10559374,4713295,1114820,895461,709850,621317,947726,1556905,4927741,3889773,989993,47975
2008:Q1,Millennial,276129,684669,245764,171815,11455,23573,5945,95010,131108,408540,205326,199646,3568
2008:Q2,Silent,24783102,26640310,6810140,1239668,5269742,3717690,998614,2831327,5773129,1857209,1302222,314083,240904
2008:Q2,BabyBoom,32380335,38866600,10367578,2016981,5787312,6396747,3815644,4008980,6473357,6486265,5111022,1098060,277183
2008:Q2,GenX,5386676,10376697,4619221,1114383,838453,734481,632846,932448,1504865,4990021,3941056,1002507,46458
2008:Q2,Millennial,200054,692925,247026,177709,6987,29301,7639,93725,130538,492871,284982,205803,2086
2008:Q3,Silent,23836530,25701605,6589816,1227526,4646969,3704843,945925,2703063,5883464,1865076,1287912,304171,272993
2008:Q3,BabyBoom,31557060,38175673,10160139,2036988,5213963,6475562,3649638,3919924,6719459,6618613,5156999,1095202,366412
2008:Q3,GenX,4879671,9865072,4485722,1123007,537378,758368,512719,892646,1555231,4985401,3903690,1023101,58610
2008:Q3,Millennial,225944,716247,259553,190211,0,36004,659,84800,145020,490303,263241,221340,5722
2008:Q4,Silent,22864261,24617501,6381131,1199329,3783346,3687982,878219,2517626,6169868,1753239,1270159,294406,188674
2008:Q4,BabyBoom,30305061,36792410,9956329,2042462,4324399,6523521,3321358,3755655,6868685,6487349,5149139,1089919,248291
2008:Q4,GenX,4114513,9064402,4332747,1122544,0,780935,294914,823534,1709728,4949889,3862325,1029634,57930
2008:Q4,Millennial,258446,748962,279144,201912,0,44214,0,66088,157604,490516,258443,229830,2243
2009:Q1,Silent,22032212,23734092,6166823,1175941,3293436,3667142,840075,2344505,6246170,1701880,1259945,277114,164821
2009:Q1,BabyBoom,29545545,36033743,9756599,2047238,3924100,6541628,3249612,3600747,6913820,6488198,5198832,1055268,234098
2009:Q1,GenX,3923178,8836469,4201834,1117816,0,802163,256218,758985,1699453,4913291,3846150,1011597,55544
2009:Q1,Millennial,288773,766175,294157,211061,0,54048,114,47737,159058,477401,241659,234164,1578
2009:Q2,Silent,21817095,23491255,5938536,1163483,3759576,3652502,844405,2137084,5995669,1674160,1246365,266272,161523
2009:Q2,BabyBoom,30094707,36529912,9603116,2056455,4705156,6612699,3492136,3396929,6663421,6435205,5134740,1043565,256900
2009:Q2,GenX,4260026,9173275,4144184,1111280,309550,825661,435985,675731,1670884,4913248,3849346,1003577,60325
2009:Q2,Millennial,264977,783491,304384,217298,0,62480,1162,22208,175960,518514,281123,235459,1932
2009:Q3,Silent,21944414,23591192,5743713,1150225,4191960,3638246,847388,2058624,5961036,1646777,1230387,256378,160012
2009:Q3,BabyBoom,31085380,37545482,9515429,2061838,5425115,6688857,3744195,3349721,6760327,6460102,5139599,1036641,283862
2009:Q3,GenX,4825607,9719826,4100347,1098671,744577,849324,632558,656346,1638004,4894220,3811214,1016571,66435
2009:Q3,Millennial,296980,820724,317564,220534,3248,71239,12198,17270,178672,523744,272227,249120,2397
2009:Q4,Silent,21597113,23217282,5622741,1132608,4188101,3620951,830395,1966731,5855755,1620169,1215436,246166,158567
2009:Q4,BabyBoom,31389318,37810076,9446386,2080974,5596188,6742803,3858771,3282038,6802916,6420758,5078999,1028758,313001
2009:Q4,GenX,5008619,9904949,4032990,1108949,856748,871889,724908,629360,1680105,4896330,3803521,1022234,70575
2009:Q4,Millennial,351951,921817,351067,237603,18513,81469,20429,9553,203183,569865,308796,257859,3210
2010:Q1,Silent,21586322,23182211,5512155,1113247,4293985,3620770,816223,1974255,5851577,1595889,1192540,230862,172487
2010:Q1,BabyBoom,32221503,38566697,9460403,2088859,5900721,6934352,3970110,3341703,6870548,6345194,4978124,999986,367084
2010:Q1,GenX,5276200,10129660,3988363,1102429,1030230,900601,819725,652136,1636176,4853460,3758172,1003922,91366
2010:Q1,Millennial,403491,1015659,384861,246268,42101,86543,29553,19041,207293,612168,346624,258287,7257
2010:Q2,Silent,21065925,22629743,5402266,1088541,3868587,3615716,775934,2059785,5818915,1563819,1175402,221277,167140
2010:Q2,BabyBoom,32320689,38578249,9465142,2093527,5533857,7131472,3863030,3507575,6983647,6257560,4874161,993871,389528
2010:Q2,GenX,5028581,9879356,3970120,1093551,864679,900148,741506,714076,1595276,4850775,3751987,1002366,96422
2010:Q2,Millennial,373899,1054381,419476,255292,23794,78275,24500,42680,210364,680483,411305,260939,8239
2010:Q3,Silent,21268953,22791974,5321727,1071473,4194223,3617624,770337,2082977,5733613,1523021,1156869,213084,153068
2010:Q3,BabyBoom,33569719,39780665,9424917,2102951,6113106,7385163,4080515,3593871,7080142,6210946,4818423,994497,398026
2010:Q3,GenX,5486636,10317228,3909185,1083806,1164594,902113,910324,743947,1603258,4830592,3716427,1020379,93786
2010:Q3,Millennial,444524,1168177,452533,262135,65182,66971,40581,55513,225262,723653,440035,275765,7853
2010:Q4,Silent,21476957,22969726,5192184,1055403,4499058,3565115,764378,2060019,5833570,1492769,1112894,221002,158873
2010:Q4,BabyBoom,34355191,40531902,9270832,2098748,6547524,7639844,4259709,3633686,7081559,6176711,4725466,1039816,411429
2010:Q4,GenX,6066335,10909100,3909120,1103918,1395633,941023,1048753,830294,1680359,4842765,3672659,1075244,94862
2010:Q4,Millennial,481698,1248486,468303,277433,90899,65811,52673,58158,235209,766788,446880,310749,9159
2011:Q1,Silent,21485982,22945720,5066034,1051374,4753526,3498197,755607,2011740,5809242,1459739,1080464,213611,165664
2011:Q1,BabyBoom,34907149,40983735,9068254,2102512,6928724,7776989,4365600,3640353,7101303,6076585,4626580,1019526,430479
2011:Q1,GenX,6546484,11412881,3904179,1124316,1600384,974211,1140829,905688,1763274,4866397,3706658,1066787,92952
2011:Q1,Millennial,473824,1319018,471145,290061,114441,70273,61463,55816,255819,845194,506424,328386,10384
2011:Q2,Silent,21350949,22772182,5000786,1038590,4702842,3430216,735702,1970698,5893349,1421234,1047255,212799,161180
2011:Q2,BabyBoom,35138223,41152095,8949891,2107209,6914076,7901258,4393470,3658351,7227840,6013872,4566783,1023871,423218
2011:Q2,GenX,6858282,11730742,3951526,1152220,1619817,1006565,1163454,986949,1850211,4872460,3714272,1070010,88178
2011:Q2,Millennial,497435,1386221,492361,311055,112891,75707,63779,54692,275736,888787,532358,346397,10032
2011:Q3,Silent,20648166,22032054,4899487,1044438,4019554,3356371,692088,1946999,6073116,1383888,1014906,211031,157951
2011:Q3,BabyBoom,34458818,40400817,8885481,2111525,6050584,7973919,4178178,3701976,7499153,5941999,4496510,1027882,417607
2011:Q3,GenX,6553750,11456067,4024603,1161098,1228484,1036243,979289,1079650,1946701,4902317,3727245,1086947,88125
2011:Q3,Millennial,377538,1334368,494048,313568,49038,84094,45370,57290,290959,956829,569732,376315,10782
2011:Q4,Silent,20761846,22108826,4829872,1030284,4221052,3292783,685092,1934815,6114928,1346980,983610,211258,152112
2011:Q4,BabyBoom,35078123,40981980,8761985,2109455,6366945,8122037,4322250,3763261,7536047,5903857,4459507,1037790,406560
2011:Q4,GenX,7099294,12019395,4029819,1177068,1408674,1069261,1099656,1180838,2054078,4920101,3728972,1102238,88891
2011:Q4,Millennial,433966,1433177,514046,327846,69102,89073,57207,62803,313100,999211,582850,404939,11422
2012:Q1,Silent,20983151,22294657,4763530,1013202,4662380,3232037,679875,1875319,6068314,1311506,950268,204931,156307
2012:Q1,BabyBoom,36013848,41798305,8614626,2112099,7022901,8286538,4550612,3757237,7454292,5784457,4342000,1021977,420480
2012:Q1,GenX,7807970,12731977,4026678,1202566,1750398,1102835,1286518,1258312,2104670,4924007,3742841,1093461,87705
2012:Q1,Millennial,475857,1565703,536843,351048,116188,93441,76440,57010,334733,1089846,652852,424673,12321
2012:Q2,Silent,20731912,22008386,4718750,1008521,4492288,3164455,660062,1862799,6101512,1276474,918785,204527,153162
2012:Q2,BabyBoom,36130482,41860282,8665992,2111559,6839572,8389263,4493234,3819328,7541334,5729800,4283663,1029391,416746
2012:Q2,GenX,8020876,12951983,4176241,1211216,1690500,1133249,1250225,1363512,2127040,4931107,3740396,1103771,86940
2012:Q2,Millennial,441185,1585605,555127,357669,99233,101339,73019,62813,336405,1144419,678986,452779,12654
2012:Q3,Silent,20956999,22204294,4704361,1001783,4702381,3102424,649321,1873598,6170426,1247295,890030,204356,152909
2012:Q3,BabyBoom,36928251,42671205,8748668,2110889,7188787,8528528,4618374,3916277,7559682,5742955,4286144,1036172,420639
2012:Q3,GenX,8677868,13612791,4304234,1221484,1885705,1165193,1361638,1483661,2190876,4934923,3728376,1120355,86192
2012:Q3,Millennial,533554,1697687,587927,366451,124691,107525,85492,75430,350171,1164133,661081,489570,13482
2012:Q4,Silent,20671700,21838902,4686020,996031,4652897,3039316,630857,1846578,5987204,1167202,858035,204143,105024
2012:Q4,BabyBoom,37063634,42548564,8800103,2114403,7171008,8650362,4657214,3957667,7197807,5484930,4125043,1049577,310310
2012:Q4,GenX,9046179,14012204,4402507,1237305,1907840,1196105,1396922,1584795,2286730,4966025,3751076,1137062,77887
2012:Q4,Millennial,476813,1782066,622110,379701,120541,114882,89608,78349,376875,1305253,772840,522124,10289
2013:Q1,Silent,21013751,22155516,4722471,982621,5127291,3008216,622804,1813386,5878727,1141765,834862,201147,105756
2013:Q1,BabyBoom,38275290,43922597,8961617,2114827,7915137,9023259,4825901,3989116,7092740,5647308,4295694,1033251,318363
2013:Q1,GenX,9975392,14886458,4541164,1256203,2287969,1238936,1553332,1684248,2324606,4911066,3704877,1127480,78709
2013:Q1,Millennial,776704,1957549,684279,399439,181592,107861,108509,79586,396283,1180845,617465,551895,11485
2013:Q2,Silent,20816873,21933165,4738464,974730,5146746,2971072,604599,1860549,5637005,1116292,808415,201559,106318
2013:Q2,BabyBoom,38836995,44457714,9155108,2110702,8000848,9351780,4859070,4141220,6838985,5620719,4252446,1041660,326613
2013:Q2,GenX,10523567,15450942,4766091,1263773,2362228,1287509,1590251,1830069,2351021,4927375,3712954,1134156,80265
2013:Q2,Millennial,853365,2089778,730877,407614,188311,112998,113514,105662,430801,1236413,640783,582818,12812
2013:Q3,Silent,21005477,22095662,4757578,975924,5350452,2937279,593340,1899266,5581823,1090185,785777,200936,103472
2013:Q3,BabyBoom,40038264,45634754,9369253,2110761,8360987,9703422,5009448,4281040,6799843,5596490,4224801,1047365,324324
2013:Q3,GenX,11307842,16278277,4981132,1269618,2563889,1337202,1733773,1972767,2419896,4970435,3739875,1153332,77228
2013:Q3,Millennial,943450,2253899,783163,410159,219764,116830,132176,131039,460769,1310449,668754,628664,13031
2013:Q4,Silent,21110401,22232375,4797905,964494,5600732,2954749,597376,1929292,5387826,1121975,779894,203176,138905
2013:Q4,BabyBoom,41346745,46988218,9512924,2120054,8926517,10004683,5198705,4408615,6816720,5641474,4193771,1050304,397399
2013:Q4,GenX,11698633,16703071,5064448,1267569,2725098,1400809,1893895,1951069,2400182,5004438,3735974,1179608,88856
2013:Q4,Millennial,1073993,2436118,848976,425216,253097,111150,160894,138792,497992,1362125,685405,657380,19340
2014:Q1,Silent,21258164,22379653,4842774,943966,5815430,2944164,591550,1909796,5331973,1121489,771404,199590,150495
2014:Q1,BabyBoom,42457860,48004141,9621833,2122712,9440107,10069988,5253010,4456797,7039695,5546281,4110015,1028759,407507
2014:Q1,GenX,11969844,16979273,5128009,1266187,2863743,1452983,1929126,1902760,2436465,5009429,3729785,1188350,91294
2014:Q1,Millennial,1178924,2619234,922454,446203,282830,120014,173907,130422,543405,1440311,738262,680116,21933
2014:Q2,Silent,21510323,22628456,4888296,934557,6049118,2934810,590051,1973226,5258398,1118133,764688,201858,151587
2014:Q2,BabyBoom,43746019,49198502,9781790,2133108,9986134,10143404,5354703,4636012,7163352,5452484,4024672,1033803,394009
2014:Q2,GenX,12357603,17405863,5273530,1266169,3017560,1505563,2009918,1905376,2427747,5048261,3738007,1217025,93229
2014:Q2,Millennial,1270438,2812111,988771,463710,316489,128553,193749,150489,570349,1541673,806518,711317,23838
2014:Q3,Silent,21424342,22513672,4949264,923869,5895002,2922440,580661,2035245,5207192,1089330,759808,202443,127079
2014:Q3,BabyBoom,44374743,49695021,9927842,2146644,9928768,10191256,5329102,4814878,7356531,5320278,3962561,1033319,324398
2014:Q3,GenX,12340393,17431993,5364468,1273238,2907419,1556927,1981492,1910347,2438102,5091600,3752370,1252636,86594
2014:Q3,Millennial,1336642,2977905,1075582,489778,297079,138994,198993,171315,606165,1641263,864614,754548,22101
2014:Q4,Silent,21532828,22621889,4992487,907173,6036847,2912101,576193,2082763,5114325,1089061,754528,204513,130020
2014:Q4,BabyBoom,45351239,50606546,10012690,2152468,10333793,10257976,5399239,4971824,7478556,5255306,3900019,1037030,318257
2014:Q4,GenX,12544427,17677455,5406393,1276196,3002831,1609308,2033656,1909379,2439692,5133028,3764415,1280030,88583
2014:Q4,Millennial,1456716,3192285,1161243,515923,319763,148464,215731,188228,642933,1735570,922547,787967,25056
2015:Q1,Silent,21588605,22671342,5033150,893352,6084696,2899733,572847,2117029,5070535,1082738,746874,200599,135265
2015:Q1,BabyBoom,46342426,51518323,10131386,2159440,10592791,10311417,5454582,5108306,7760402,5175897,3845352,1013485,317060
2015:Q1,GenX,12830874,17960413,5496070,1278702,3035884,1661164,2079690,1902798,2506106,5129540,3754319,1282524,92697
2015:Q1,Millennial,1622220,3416045,1243250,540847,329784,159141,232427,201407,709189,1793825,954393,810496,28936
2015:Q2,Silent,21508956,22597474,5086678,887776,6052293,2885038,562979,2184641,4938069,1088518,744341,203073,141104
2015:Q2,BabyBoom,46966777,52124579,10282701,2179814,10724557,10351046,5459489,5304203,7822769,5157802,3821983,1019040,316779
2015:Q2,GenX,12964704,18149655,5646352,1293045,3015484,1712508,2075233,1920139,2486894,5184951,3777411,1309714,97826
2015:Q2,Millennial,1745842,3618397,1330211,574451,328270,171158,241591,228477,744239,1872555,992876,845915,33764
2015:Q3,Silent,21061945,22151059,5117173,889128,5542869,2865636,540878,2214884,4980491,1089114,741537,203893,143684
2015:Q3,BabyBoom,46857275,51980193,10466907,2195248,10077135,10358457,5290271,5439000,8153176,5122918,3792958,1020807,309153
2015:Q3,GenX,12598433,17846833,5792005,1292040,2659166,1762435,1925058,1916444,2499685,5248400,3803794,1344271,100335
2015:Q3,Millennial,1710777,3682875,1408335,587280,251103,185950,228127,242733,779346,1972098,1040047,894095,37956
2015:Q4,Silent,21089723,22174628,5140060,884986,5690050,2851105,537881,2204026,4866520,1084905,738063,198754,148088
2015:Q4,BabyBoom,47862283,52896113,10593109,2207608,10500496,10418163,5400599,5503710,8272427,5033830,3738986,989232,305612
2015:Q4,GenX,12933608,18202151,5886579,1292698,2770148,1815356,2012521,1888375,2536473,5268543,3839151,1320124,109268
2015:Q4,Millennial,1822346,3880131,1491374,605333,277348,197473,251767,241562,815274,2057785,1119606,892120,46059
2016:Q1,Silent,21058144,22136177,5155609,874798,5723044,2833423,532511,2161118,4855673,1078033,731725,195199,151109
2016:Q1,BabyBoom,48662230,53637467,10678683,2221249,10743550,10463756,5448937,5511818,8569473,4975237,3706801,970632,297804
2016:Q1,GenX,13157564,18441241,5976680,1302720,2803897,1867945,2054208,1840994,2594797,5283677,3844089,1325755,113833
2016:Q1,Millennial,1969268,4091401,1581620,638476,286275,210537,269096,227458,877939,2122133,1149466,920650,52017
2016:Q2,Silent,21153439,22233366,5229272,858785,5819769,2810728,525981,2203549,4785282,1079926,728296,196552,155078
2016:Q2,BabyBoom,49648502,54611699,10855373,2233211,11103179,10494006,5521441,5677313,8727176,4963197,3697978,974259,290960
2016:Q2,GenX,13481870,18818906,6124819,1317553,2888526,1953342,2109637,1853143,2571886,5337036,3870669,1348810,117557
2016:Q2,Millennial,2165008,4361231,1711770,682175,307325,219660,288910,249944,901446,2196222,1180915,957171,58136
2016:Q3,Silent,21181470,22260408,5236225,862575,5921616,2787077,523236,2235834,4693845,1078938,724324,196497,158117
2016:Q3,BabyBoom,50706711,55635429,11077437,2248736,11485058,10533109,5633890,5830156,8827042,4928717,3671063,975859,281795
2016:Q3,GenX,13920098,19328768,6320449,1312389,2983014,2039497,2202245,1861823,2609351,5408670,3907181,1380888,120601
2016:Q3,Millennial,2274372,4588526,1791396,687490,331222,228506,316044,270090,963777,2314154,1240780,1008345,65029
2016:Q4,Silent,20788865,21843483,5183353,855226,5805582,2725414,526964,2150296,4596649,1054618,708850,200238,145530
2016:Q4,BabyBoom,50889712,55801332,11238738,2246716,11619548,10565038,5576931,5774637,8779724,4911620,3634609,989377,287634
2016:Q4,GenX,14670360,20122819,6490921,1336652,3173448,2133946,2267819,2001997,2718036,5452458,3938512,1394749,119197
2016:Q4,Millennial,2372200,4797483,1914161,698134,329717,246859,329019,279381,1000212,2425283,1309959,1052074,63250
2017:Q1,Silent,20700536,21727536,5121353,844631,5950467,2666292,536616,2062729,4545448,1027000,692011,197652,137337
2017:Q1,BabyBoom,51892652,56750050,11383426,2248215,12225352,10629706,5681160,5715199,8866992,4857398,3581642,974888,300868
2017:Q1,GenX,15870217,21336455,6697804,1369964,3569619,2230737,2458273,2143141,2866917,5466238,3967618,1379701,118919
2017:Q1,Millennial,2573817,5108278,2040385,722391,379304,263287,364259,288294,1050358,2534462,1395258,1078183,61021
2017:Q2,Silent,20548600,21555064,5064604,833002,5947317,2605270,542305,2091014,4471552,1006464,676156,199725,130583
2017:Q2,BabyBoom,52724333,57560450,11576456,2243438,12586647,10685692,5725286,5881436,8861495,4836117,3537257,982096,316764
2017:Q2,GenX,16929764,22445594,6957322,1394389,3866322,2327588,2603752,2372046,2924175,5515830,4004988,1384975,125867
2017:Q2,Millennial,2720075,5383673,2158851,735240,403605,281047,392554,356897,1055479,2663598,1484160,1115913,63525
2017:Q3,Silent,20295235,21277880,5000447,821262,5952648,2543534,549356,2022861,4387772,982646,661181,200265,121200
2017:Q3,BabyBoom,53409014,58228472,11775464,2236673,12977208,10741241,5789460,5861948,8846479,4819458,3505496,986226,327736
2017:Q3,GenX,17977016,23546641,7191192,1415611,4180433,2424951,2771733,2534084,3028638,5569625,4047610,1396105,125910
2017:Q3,Millennial,2860671,5657485,2294544,742607,432092,299451,426179,379630,1082982,2796814,1568514,1166588,61712
2017:Q4,Silent,20223820,21186964,4906122,818246,6094748,2481686,556722,1977960,4351480,963143,645412,202867,114864
2017:Q4,BabyBoom,54499642,59315456,11928664,2245154,13635116,10799547,5872341,5888685,8945949,4815815,3471447,999313,345055
2017:Q4,GenX,19214810,24840379,7414518,1447877,4613989,2523011,2958704,2716552,3165728,5625570,4084839,1411593,129138
2017:Q4,Millennial,3056678,5986009,2415395,756359,493527,318183,464565,416615,1121364,2929330,1650647,1217013,61670
2018:Q1,Silent,19797522,20730778,4846647,809814,5881769,2417771,551498,1907728,4315551,933256,626689,199173,107394
2018:Q1,BabyBoom,54889913,59638291,12160961,2252415,13645621,10839921,5777073,5863838,9098463,4748379,3405202,983022,360155
2018:Q1,GenX,20151494,25787198,7696398,1484895,4775272,2620480,2990456,2881919,3337779,5635704,4106162,1395136,134406
2018:Q1,Millennial,3227371,6282724,2584183,781756,478087,339005,472818,440919,1185955,3055353,1750636,1242545,62172
2018:Q2,Silent,19452951,20361996,4757297,801563,5780300,2355070,551974,1854211,4261581,909044,610262,199558,99224
2018:Q2,BabyBoom,55413896,60124229,12292087,2258207,13868738,10890466,5767737,5871908,9175086,4710333,3352880,985568,371885
2018:Q2,GenX,21103225,26785481,7929921,1519061,5032495,2719036,3101360,3062626,3420982,5682256,4144307,1395213,142736
2018:Q2,Millennial,3310040,6512989,2697347,802069,487879,359439,497183,476286,1192787,3202949,1859402,1277835,65712
2018:Q3,Silent,19285040,20172101,4672645,790583,5851120,2294147,558185,1787350,4218071,887061,594934,199724,92403
2018:Q3,BabyBoom,56368110,61052209,12449677,2259048,14432165,10954647,5815776,5850277,9290619,4684099,3312562,991454,380083
2018:Q3,GenX,22213427,27952654,8141786,1549468,5440800,2818915,3275411,3234233,3492041,5739227,4187764,1409399,142064
2018:Q3,Millennial,3454613,6814950,2850032,818619,541741,379066,535782,504512,1185198,3360337,1963760,1333988,62589
2018:Q4,Silent,17869496,18733016,4461571,788189,4796940,2226775,528466,1694926,4236149,863520,578292,201287,83941
2018:Q4,BabyBoom,54294795,58953096,12230266,2270434,12785975,10949401,5365607,5770245,9581167,4658301,3265679,1002107,390515
2018:Q4,GenX,21798102,27589914,8148593,1583394,4903626,2914629,2985639,3384974,3669060,5791812,4217796,1421235,152781
2018:Q4,Millennial,3082922,6593513,2835084,829588,300210,405437,474621,515938,1232636,3510591,2059852,1382413,68326
2019:Q1,Silent,18247747,19082735,4336643,768618,5360363,2173315,545318,1642537,4255940,834988,560127,197410,77451
2019:Q1,BabyBoom,56522230,61112089,12122925,2272776,14327483,11073049,5633594,5772916,9909345,4589858,3209553,986683,393622
2019:Q1,GenX,23620976,29401052,8216444,1627256,5743147,3019289,3352597,3570562,3871756,5780076,4231285,1404475,144316
2019:Q1,Millennial,3500821,7112056,2937378,879282,487092,420192,554673,554267,1279172,3611234,2145972,1405901,59361
2019:Q2,Silent,18071359,18888125,4324341,753659,5342100,2099311,546725,1633057,4188932,816766,546738,198285,71743
2019:Q2,BabyBoom,57635358,62242295,12530040,2270798,14726988,11147584,5697339,5869174,10000372,4606937,3205629,995113,406195
2019:Q2,GenX,24908272,30740025,8583785,1659275,6095866,3139019,3529085,3795916,3937079,5831753,4272621,1410578,148554
2019:Q2,Millennial,3846838,7560753,3201102,902865,520247,457284,594079,625055,1260122,3713915,2205976,1448131,59808
2019:Q3,Silent,17524895,18321840,4168283,754375,5104080,2026373,541929,1570760,4156040,796945,533114,197630,66201
2019:Q3,BabyBoom,57775088,62373507,12528695,2282195,14672168,11210712,5672341,5844236,10163160,4598419,3184795,999483,414141
2019:Q3,GenX,25753719,31637857,8756365,1689175,6257827,3257733,3623071,3974739,4078947,5884138,4314866,1422864,146408
2019:Q3,Millennial,3804613,7652994,3221050,898978,488778,496048,615177,658331,1274632,3848381,2289202,1504172,55007
2019:Q4,Silent,17811393,18581445,4060146,754763,5557025,1960221,525235,1584673,4139382,770052,520455,189681,59916
2019:Q4,BabyBoom,59023669,63614700,12447000,2302310,15613352,11233626,5800843,5889301,10328268,4591031,3162461,1008617,419953
2019:Q4,GenX,26513023,32437861,8734300,1696509,6547514,3434919,3871418,3912628,4240574,5924839,4325829,1448689,150321
2019:Q4,Millennial,4297757,8285101,3286685,917761,725949,543173,706062,690874,1414597,3987344,2382576,1545204,59564
2020:Q1,Silent,16341061,17077212,4082379,751947,4083681,1879385,459494,1626332,4193994,736150,506269,174687,55194
2020:Q1,BabyBoom,55976506,60508122,12833309,2318011,12370747,11077035,5162891,6003224,10742905,4531615,3117728,976835,437052
2020:Q1,GenX,25168183,31084763,9012874,1702182,5030261,3599178,3387314,3879067,4473887,5916580,4322979,1425774,167827
2020:Q1,Millennial,4294004,8388916,3547077,937396,360366,608811,624309,747732,1563225,4094912,2486117,1535823,72972
2020:Q2,Silent,17337999,18045673,4064864,742454,5137763,1811736,460998,1647579,4180279,707675,493491,163649,50535
2020:Q2,BabyBoom,59234653,63706922,13048434,2318006,14685994,11035973,5619063,6072044,10927409,4472269,3077021,960347,434901
2020:Q2,GenX,27183683,33088261,9182226,1695981,5928750,3772501,3911905,3827678,4769220,5904578,4330085,1411926,162567
2020:Q2,Millennial,5313720,9511738,3738896,944174,794983,664118,779792,789742,1800032,4198018,2599971,1526544,71503
2020:Q3,Silent,17872692,18561789,4115387,755840,5664472,1743604,446199,1721664,4114624,689097,484168,154887,50042
2020:Q3,BabyBoom,61361259,65817460,13525727,2375298,15910287,10962228,5808474,6274397,10961049,4456201,3048878,959263,448060
2020:Q3,GenX,28479150,34441114,9529090,1735982,6360059,3943502,4181594,3831226,4859661,5961964,4370264,1431110,160590
2020:Q3,Millennial,6120692,10503026,4040591,1002513,1070232,723443,876109,880244,1909894,4382334,2748308,1562359,71667
2020:Q4,Silent,18962788,19632614,4154052,766770,6662503,1688161,446650,1787465,4127013,669825,471681,147568,50576
2020:Q4,BabyBoom,65175913,69558319,13945727,2427387,18312042,11003356,6128556,6462133,11279118,4382406,2953034,962195,467177
2020:Q4,GenX,30575713,36584249,9852746,1772120,7309880,4124275,4603358,3829234,5092636,6008536,4392098,1450294,166144
2020:Q4,Millennial,7088875,11722182,4305116,1055997,1516970,771810,1013242,967343,2091703,4633307,2966382,1588969,77956
2021:Q1,Silent,19551902,20199335,4257577,768346,7226642,1628420,433989,1843692,4040669,647433,460161,137485,49787
2021:Q1,BabyBoom,67524497,71833786,14586062,2466020,19761393,10966403,6165440,6629937,11258532,4309290,2882152,946795,480343
2021:Q1,GenX,32128520,38154638,10306646,1803954,7850173,4298859,4770898,3819426,5304683,6026118,4408270,1449857,167991
2021:Q1,Millennial,8116218,12937111,4720198,1116899,1830230,828445,1089412,1048624,2303303,4820893,3141822,1598353,80718
2021:Q2,Silent,20411079,21057550,4495400,794508,7822467,1573536,426345,1984107,3961187,646471,462740,136034,47697
2021:Q2,BabyBoom,70858858,75240468,15780677,2571085,21335175,10954511,6354738,7020268,11224014,4381610,2905196,989257,487157
2021:Q2,GenX,33977906,40243365,11121396,1889790,8449450,4475788,5058312,3900644,5347985,6265459,4569787,1527464,168208
2021:Q2,Millennial,9259501,14455533,5387512,1237578,2165854,882793,1194888,1215272,2371637,5196032,3414970,1697474,83588
2021:Q3,Silent,20633080,21270232,4610061,812563,7876245,1516024,402204,2124885,3928250,637152,460342,130108,46702
2021:Q3,BabyBoom,72158256,76610354,16456706,2649479,21596823,10877521,6285288,7419450,11325087,4452097,2956145,997871,498081
2021:Q3,GenX,34804189,41181653,11608435,1951294,8478339,4646890,5083751,3985508,5427436,6377464,4647702,1555873,173889
2021:Q3,Millennial,10131949,15474859,5813851,1323843,2308392,943962,1232316,1389005,2463489,5342910,3511542,1741241,90127
2021:Q4,Silent,21042512,21673875,4623500,833865,8244247,1468350,397772,2204145,3901996,631363,458440,126024,46899
2021:Q4,BabyBoom,73922621,78446277,16681704,2734368,22646249,10884328,6397978,7659778,11441871,4523656,2998138,1015666,509852
2021:Q4,GenX,35936661,42445231,11824990,2016930,8855100,4825681,5325107,4005757,5591665,6508570,4730362,1589372,188836
2021:Q4,Millennial,10905550,16417934,5998473,1410793,2570132,996441,1328104,1503907,2610084,5512384,3627542,1781658,103184
2022:Q1,Silent,20817882,21444456,4848238,854607,7809437,1382035,367657,2278386,3904095,626573,460563,120605,45405
2022:Q1,BabyBoom,73552811,78216803,17790021,2823104,21640831,10374945,6036470,7886125,11665308,4663992,3129361,1019190,515441
2022:Q1,GenX,36208947,42828941,12611908,2089282,8333205,4953690,5108140,4020322,5712394,6619994,4826604,1601237,192153
2022:Q1,Millennial,11882836,17418629,6640448,1510842,2517476,1102145,1302211,1614403,2731104,5535793,3627449,1801188,107156
2022:Q2,Silent,19646431,20267275,5021344,867470,6453898,1314418,320630,2389064,3900451,620845,459771,117580,43494
2022:Q2,BabyBoom,70283184,74995271,18710942,2873043,18182672,9849290,5397382,8209685,11772257,4712087,3157282,1042225,512580
2022:Q2,GenX,34862811,41622832,13305733,2122609,6742799,5034489,4606745,4074421,5736037,6760021,4916486,1645755,197780
2022:Q2,Millennial,11943962,17683086,7128110,1550876,2082217,1182829,1195924,1764557,2778574,5739123,3772160,1853567,113396
2022:Q3,Silent,19314642,19924038,5015440,880403,6122824,1259855,298267,2386840,3960409,609396,454587,112688,42121
2022:Q3,BabyBoom,68412973,73078186,18008473,2926274,17321270,9447655,5106726,8217487,12050301,4665213,3095159,1052985,517069
2022:Q3,GenX,33870702,40724697,12894444,2161965,6292696,5127030,4458395,3999744,5790423,6853995,4968578,1685176,200241
2022:Q3,Millennial,11575898,17588345,6914332,1602850,2039636,1250258,1182457,1787918,2810894,6012447,3991868,1903439,117140
2022:Q4,Silent,19024250,19621266,4656141,864211,6296574,1212418,302464,2260364,4029094,597015,444184,111339,41492
2022:Q4,BabyBoom,69435332,74077888,17707637,2949521,18224519,9225733,5285818,8039598,12645061,4642556,3061361,1069057,512138
2022:Q4,GenX,34082380,40989469,12640850,2176684,6660591,5106766,4630151,3921104,5853323,6907089,4989859,1710131,207099
2022:Q4,Millennial,11576093,17827520,6876580,1648898,2205636,1299717,1250502,1732435,2813751,6251427,4158707,1967912,124808
2023:Q1,Silent,19276257,19852172,4595396,859836,6589898,1203590,306664,2193819,4102969,575915,430814,107238,37863
2023:Q1,BabyBoom,71486544,75956823,17767607,2972107,19287131,9332408,5532496,7945970,13119104,4470279,2918654,1052375,499250
2023:Q1,GenX,35053733,41912519,12728968,2202512,7145725,5145037,4860705,3899814,5929758,6858786,4965012,1701841,191933
2023:Q1,Millennial,11856060,18359191,7050787,1700892,2420572,1319637,1334972,1726875,2805456,6503131,4397609,1990530,114992
2023:Q2,Silent,19713588,20279263,4714780,853982,6893564,1197870,311939,2218055,4089073,565675,422858,106236,36581
2023:Q2,BabyBoom,74044738,78448391,18700152,2983003,20316799,9435041,5745365,8079585,13188446,4403654,2854355,1053715,495584
2023:Q2,GenX,36533484,43413008,13304153,2230235,7651220,5184573,5089825,3981907,5971095,6879524,4977287,1714309,187928
2023:Q2,Millennial,13032109,19735471,7922559,1760625,2645290,1333395,1419628,1826322,2827652,6703362,4557297,2032411,113654
2023:Q3,Silent,19292259,19852208,4683122,843788,6581090,1171109,289850,2205346,4077903,559949,417208,105470,37271
2023:Q3,BabyBoom,73346053,77714721,18802583,2966743,19590113,9227386,5806699,8086415,13234782,4368668,2809590,1052080,506998
2023:Q3,GenX,36401652,43307031,13440613,2233306,7388327,5182964,5053814,4011758,5996249,6905379,5000747,1715167,189465
2023:Q3,Millennial,13226461,20106581,8206022,1787537,2585066,1377067,1420905,1877710,2852274,6880120,4708185,2055227,116708
2023:Q4,Silent,19657570,20207084,4574217,824700,7100026,1181422,317820,2108159,4100740,549513,408443,103978,37092
2023:Q4,BabyBoom,75887715,80229489,18620810,2966431,21435782,9672021,5963165,7926178,13645102,4341775,2774691,1058644,508440
2023:Q4,GenX,37525830,44455993,13337023,2238880,8208280,5238887,5368828,3948181,6115914,6930163,5009137,1728079,192947
2023:Q4,Millennial,13537886,20593116,8210803,1826560,2931539,1347481,1542511,1827788,2906434,7055230,4837167,2097526,120537
2024:Q1,Silent,19896446,20428577,4540847,810282,7513479,1162164,323910,2039320,4038575,532131,395956,99187,36988
2024:Q1,BabyBoom,78663773,82942703,19062898,2990976,23169859,9793355,6264852,7885090,13775673,4278930,2721078,1041259,516593
2024:Q1,GenX,38967937,45865091,13567084,2258927,8967764,5265022,5657789,3932107,6216398,6897154,4992064,1710221,194869
2024:Q1,Millennial,14428717,21619138,8653949,1875375,3263507,1359237,1647221,1822978,2996871,7190421,4961609,2105697,123115
2024:Q2,Silent,19820223,20340567,4554055,795301,7527603,1144654,319626,2025350,3973978,520344,386903,97228,36213
2024:Q2,BabyBoom,79999589,84243558,19693019,2989786,23623608,9846543,6342106,7959418,13789079,4243970,2683683,1039283,521004
2024:Q2,GenX,39711135,46614726,13939486,2267897,9205153,5293306,5745959,3979866,6183058,6903591,5001494,1710215,191882
2024:Q2,Millennial,15280977,22642010,9367138,1915085,3408696,1381027,1699249,1892989,2977826,7361033,5103963,2134128,122942
2024:Q3,Silent,20118435,20628880,4458473,784791,7939293,1135860,325567,1995024,3989873,510445,380316,94698,35431
2024:Q3,BabyBoom,81912595,86125493,19476507,2985398,25135789,9936995,6555070,7937979,14097754,4212897,2661206,1027812,523879
2024:Q3,GenX,40894200,47825900,13926951,2284417,9967376,5337369,6009482,4002607,6297698,6931700,5025461,1717801,188438
2024:Q3,Millennial,15762732,23290268,9419698,1958775,3759173,1394326,1802228,1928428,3027640,7527536,5217347,2187453,122736
2024:Q4,Silent,19972186,20477160,4357528,780989,7917263,1127432,322312,1989141,3982494,504974,372484,90660,41830
2024:Q4,BabyBoom,82210272,86365759,19243058,3003179,25378563,10033556,6482047,7999487,14225870,4155488,2597788,1000282,557418
2024:Q4,GenX,41265994,48219257,13891710,2313863,10143125,5378700,6007065,4054389,6430404,6953262,5037349,1687219,228694
2024:Q4,Millennial,15923836,23637868,9399157,2013159,3874352,1405944,1825505,1995785,3123967,7714032,5386927,2169069,158036
2025:Q1,Silent,19537809,20028562,4316493,765682,7638763,1104446,308861,1939177,3955140,490752,362851,87672,40229
2025:Q1,BabyBoom,82098121,86226978,19379352,3024437,25038685,10008118,6335566,7982295,14458525,4128857,2574781,990841,563235
2025:Q1,GenX,41390008,48335427,14015489,2351943,10025600,5425218,5885339,4071283,6560554,6945419,5038991,1686742,219686
2025:Q1,Millennial,16379444,24199926,9739774,2099061,3866234,1446163,1807842,2008263,3232589,7820481,5472061,2197284,151136
2025:Q2,Silent,19991321,20475267,4309630,764120,8155216,1091440,321112,1909114,3924636,483947,356630,86436,40881
2025:Q2,BabyBoom,85172355,89304340,19767135,3068621,27083430,10056980,6711132,7999418,14617624,4131986,2565156,992407,574423
2025:Q2,GenX,43123505,50092509,14259367,2396533,10981255,5467526,6284937,4092886,6610005,6969003,5054093,1688837,226073
2025:Q2,Millennial,17560545,25540915,10261972,2187663,4323516,1480669,1962591,2042384,3282120,7980370,5592975,2227969,159426
2025:Q3,Silent,20457335,20935316,4220878,766060,8679529,1083218,329972,1925592,3930067,477981,351887,84592,41502
2025:Q3,BabyBoom,87536768,91650398,19540410,3093760,29009728,10090428,6974694,8117959,14823419,4113630,2545247,983481,584902
2025:Q3,GenX,44607411,51607972,14245762,2429727,11944348,5509496,6601054,4170880,6706704,7000560,5075371,1694664,230525
2025:Q3,Millennial,18177849,26337240,10215241,2244440,4787104,1507232,2090024,2142133,3351066,8159391,5715286,2276890,167215
2025:Q4,Silent,20297668,20767565,4089073,762343,8728633,1068185,328487,1880450,3910393,469897,343488,82924,43485
2025:Q4,BabyBoom,88375838,92486315,19339257,3122393,29712669,10200324,6985171,8086563,15039938,4110478,2524196,982926,603356
2025:Q4,GenX,45329158,52377518,14248714,2467528,12363365,5551159,6698659,4186771,6861322,7048360,5096423,1707785,244152
2025:Q4,Millennial,18463238,26793737,10184965,2301513,5018315,1513355,2147702,2170905,3456982,8330500,5824234,2325186,181080
2026:Q1,Silent,19600107,20054176,3991708,749175,8332905,1030603,309782,1846938,3793064,454069,330095,78238,45736
2026:Q1,BabyBoom,89458057,93577709,19802408,3218501,29719728,10329535,6892947,8285008,15329582,4119653,2515046,976218,628389
2026:Q1,GenX,45008147,52002852,14249948,2510612,12137794,5499274,6483022,4204274,6917929,6994705,5051488,1680540,262677
2026:Q1,Millennial,19054207,27520985,10623374,2421599,5006421,1514931,2112796,2254265,3587598,8466778,5929935,2337106,199737
2026:Q2,Silent,19782164,20211300,3781604,711030,9115345,965237,310893,1741527,3585665,429136,309932,73571,45633
2026:Q2,BabyBoom,97402190,101632646,20549594,3335200,35222088,10602373,7578975,8504065,15840351,4230456,2565130,1000266,665060
2026:Q2,GenX,47661921,54656588,14303223,2542949,14263703,5447223,6995727,4198591,6905171,6994666,5048862,1675576,270228
2026:Q2,Millennial,20804749,29442095,11157257,2525643,6039035,1506124,2321734,2309946,3582357,8637347,6053014,2370845,213488
